segment,size,pct_over_50k,pct_of_pop
High Earners,7379,32.6873560102995,3.698320494379094
Wealthy Investors,18319,22.337463835362193,9.181397633355553
Working Middle Class,60558,7.566300075960236,30.351388060524346
Young Working Adults,15704,6.482424859908304,7.87077179072087
Retired / Elderly,39012,0.7100379370450118,19.552633029776015
Children / Dependents,58551,0.0017079127598162284,29.345488991244117
